,lemmas
"'not',",153
"'good',",80
"'s',",70
"'think',",59
"'preview',",52
"'like',",52
"'england',",51
"'big',",46
"'have',",45
"['sportinglife',",45
"'sportinglife',",44
"'get',",44
"'ipl',",44
"'day',",43
"'play',",39
"'win',",36
"'look',",35
"'bettor',",34
"'year',",33
"['davesmith',",33
"['nickmetcalfe',",33
"'cricketonly',",33
"'go',",32
"'week',",32
"'time',",31
"'come',",30
"'series',",28
"'cricket',",28
"'be',",27
"'test',",27
"['jonmullin',",27
"'world',",27
"'player',",26
"'snooker',",26
"'great',",26
"['gwsnookertips',",26
"'run',",26
"'need',",25
"'ball',",25
"'today',",25
"'would',",25
"['bencoleygolf',",24
"'know',",24
"'start',",24
"'india',",24
"'ronnie',",24
"'want',",24
"'watch',",23
"'old',",23
"'anderson',",23
"'final',",23
"'match',",23
"'sampsoncollins',",22
"'bet',",22
"'championship',",22
"'sure',",21
"'paulmotty',",21
"'bash',",21
"'thank',",21
"'point',",20
"'thing',",20
"['darkagefootball',",20
"'podcast',",19
"'agree',",19
"'game',",18
"'man',",18
"'hope',",18
"'right',",18
"'richardmann',",18
"'v',",18
"['fouldsy',",18
"'horse',",18
"'osullivan',",18
"'way',",17
"'bat',",17
"'cricketbetting',",16
"'open',",16
"'team',",16
"'miss',",16
"['cricketbetting',",16
"'special',",16
'indveng'],15
"['valueracingplus',",15
"'interview',",15
"'batting',",14
"['adammorgs',",14
"'fair',",14
"'will',",14
"'tonight',",14
"'night',",14
"'give',",14
"'love',",14
"'brilliant',",14
"'buttler',",13
"'proper',",13
"'mark',",13
"'selby',",13
"'take',",13
"['betfairexchange',",13
'bbl'],13
"['chenzorod',",13
"'hell',",13
"'long',",13
"'work',",13
"'talk',",13
"'tweet',",12
"'feel',",12
"'write',",12
"'catch',",12
"'see',",12
"'excellent',",12
"'race',",12
"'outright',",12
"'drop',",12
"'tip',",12
"'make',",12
"'wicket',",12
"'bowl',",12
"'people',",11
"'home',",11
"'warner',",11
"'tomorrow',",11
"'higgins',",11
"'absolutely',",11
"'away',",11
"'weather',",11
"'say',",11
"'wood',",11
"'find',",11
"'trump',",11
"['richwilson',",11
"'beat',",11
"'probably',",11
"['tomc',",11
"['not',",11
"'bit',",11
"'winner',",10
"'put',",10
'like'],10
"'class',",10
"'month',",10
"['good',",10
"'ahead',",10
"'nice',",10
"'captain',",10
"['halostraight',",10
'ipl'],10
"'late',",10
"'bowler',",10
"'mean',",10
"'franmberry',",10
"'ill',",10
"'absolute',",10
"'darkagefootball',",10
"'try',",10
"'hard',",10
"['great',",10
"'place',",10
"'cricketbadger',",10
"'finish',",9
"'batsman',",9
"'bencoleygolf',",9
"['sdavis',",9
"'nickmetcalfe',",9
"'sport',",9
"['mattbrocklebank',",9
"'lose',",9
"'john',",9
"['philhaigh',",9
"'well',",9
"'australia',",9
"'chance',",9
"'fan',",9
'day'],9
"'tell',",9
"['ronnie',",9
"'awful',",9
"'cent',",9
"'root',",9
"'mind',",8
"'better',",8
"'interesting',",8
"'saturday',",8
'h'],8
"'early',",8
"'crucible',",8
"'kohli',",8
"'friday',",8
'b'],8
"'williamson',",8
"'thunder',",8
"'turn',",8
'come'],8
"'betting',",8
"'bowling',",8
"['big',",8
"'join',",8
"'betfair',",8
"'yeh',",8
'preview'],8
"'cup',",8
"'pick',",8
"'new',",8
"'finally',",7
"['newcol',",7
"'quick',",7
"'david',",7
"['chrisoliver',",7
"['jkeene',",7
"'umpire',",7
"'record',",7
"'god',",7
"'number',",7
"'guide',",7
"'change',",7
"'toss',",7
"'leeds',",7
"'tournament',",7
"['tbuckleythinks',",7
"'pace',",7
"'spot',",7
"'boris',",7
"'actually',",7
"'tour',",7
"'line',",7
"'life',",7
'good'],7
"'lot',",7
"'ago',",7
"'couple',",7
"'ride',",7
'year'],7
"'soon',",7
"['late',",7
"'bbc',",7
"'fine',",7
"'joe',",7
"'easy',",7
"'deserve',",7
"'word',",7
"'sydney',",7
'f'],7
"'read',",7
"'spin',",7
"'remember',",7
"'let',",6
"'sixer',",6
"'far',",6
"'stick',",6
"'mattbrocklebank',",6
'think'],6
"'bad',",6
"'keep',",6
'week'],6
"'ah',",6
'know'],6
"'help',",6
"'question',",6
"['word',",6
"'perth',",6
"'weekend',",6
"'white',",6
"'huge',",6
"['mjlh',",6
"'bbl',",6
"'shocking',",6
"'morning',",6
"'head',",6
"['final',",6
'test'],6
"'plenty',",6
"['cricketbette',",6
"['jamiepock',",6
"'hold',",6
"'dhoni',",6
"['dancopeland',",6
'th'],6
'captain'],6
"'sit',",6
"'back',",6
"'racing',",6
"'selection',",6
"'ridiculous',",6
"'foot',",6
"'round',",6
"'thought',",6
"'form',",6
"'keane',",6
"'steve',",6
"'west',",6
"'light',",6
"'winter',",6
"'hi',",6
"'boss',",6
"'sign',",6
'not'],6
"'indveng',",6
"['anderson',",6
"'golf',",6
"'face',",6
"'bairstow',",6
['chrisoliver'],6
"'job',",6
"'cricketer',",6
"'james',",6
"'flat',",6
"'worth',",6
"'call',",6
"['love',",6
"'clearly',",6
"'jockey',",6
"'best',",6
"'field',",6
"'strong',",6
"'act',",6
'engvwi'],6
'w'],6
"'th',",6
"'jimmy',",6
"['kevinmurphy',",6
"['paulmotty',",6
"'frame',",6
"'price',",6
"'pope',",6
'snooker'],6
"'insight',",5
'winner'],5
"'lord',",5
"'fire',",5
'time'],5
"'attack',",5
"'hear',",5
"'swing',",5
"'moore',",5
"'content',",5
"['think',",5
"'judd',",5
'win'],5
"'bess',",5
"'bloody',",5
"'cummins',",5
'game'],5
"'luck',",5
"'reverse',",5
"['cricketbadger',",5
"['england',",5
'man'],5
"'order',",5
"'finger',",5
'play'],5
"'pitch',",5
"'credit',",5
"'grief',",5
"'surely',",5
"'club',",5
"'earlier',",5
"'rohit',",5
"'machine',",5
"'over',",5
"'ireland',",5
"'imo',",5
"'genius',",5
"'super',",5
"'terrific',",5
"'yorkshire',",5
"'score',",5
"'batter',",5
"'thanks',",5
"'stokes',",5
"'sir',",5
"'weekly',",5
"'market',",5
"'second',",5
"'sunriser',",5
"'nearly',",5
"'depth',",5
"'lad',",5
'lad'],5
"'maybe',",5
"'kane',",5
"'kevinmurphy',",5
"'incredible',",5
"'leave',",5
"'poor',",5
"'frankel',",5
's'],5
"'happy',",5
"'break',",5
"'to',",5
"'stop',",5
"'century',",5
"'ashe',",5
"'chase',",5
"'ton',",5
"'shot',",5
"'favourite',",5
"'cut',",5
"'nonsense',",5
"'rest',",5
"'sorry',",5
"'piece',",5
"'summer',",5
"'hales',",5
"'africa',",5
"['twd',",5
"'table',",5
"['bumble',",5
"'tomc',",5
"['garyoncue',",5
"'pack',",5
"'sam',",5
"['damianw',",4
'horse'],4
'say'],4
"'yesterday',",4
"['georgedobell',",4
'cricket'],4
"'semi',",4
"'believe',",4
"'opportunity',",4
"['outright',",4
"'doubt',",4
'love'],4
"['chiefno',",4
"'news',",4
"'shocker',",4
"'woakes',",4
"'cool',",4
"'indies',",4
"'please',",4
"'trainer',",4
"'rum',",4
"['write',",4
"['s',",4
"'lingfield',",4
"'nick',",4
"'innings',",4
"'stuff',",4
"'chennai',",4
"'colin',",4
"'room',",4
"['winner',",4
"'middle',",4
"'master',",4
"'moment',",4
"'expert',",4
"'currently',",4
"'blue',",4
"'sound',",4
"'action',",4
"'course',",4
"'fun',",4
"'stay',",4
'sir'],4
"'wear',",4
"'sixers',",4
"['bet',",4
"'clarke',",4
"'opener',",4
"'dan',",4
"['sportspaulh',",4
"'walk',",4
'richard'],4
'great'],4
"'welcome',",4
"'usually',",4
"'pay',",4
"'expect',",4
"'derby',",4
"'massive',",4
"'young',",4
"'english',",4
"'die',",4
"'hendry',",4
'india'],4
"'fit',",4
"'career',",4
"'story',",4
"'boy',",4
"'box',",4
'wi'],4
"'turf',",4
"'ask',",4
"['know',",4
"['mark',",4
"'alex',",4
'lose'],4
"'gl',",4
"'enjoy',",4
'bat'],4
"'hour',",4
"['finally',",4
"'wait',",4
"'philhaigh',",4
"'williams',",4
"['match',",4
"'fall',",4
"'rcb',",4
"['dannyspeck',",4
"'smith',",4
"'boxing',",4
"'broad',",4
'thi'],4
"'result',",4
"'shit',",4
"'madness',",4
"'kick',",4
"'sort',",4
"'forget',",4
"'odi',",4
"'tuesday',",4
"'gwsnookertips',",4
"'gun',",4
"'value',",4
"'stoke',",4
"'season',",4
"'uk',",4
"'stand',",4
"'card',",4
"'south',",4
"'northern',",4
"['have',",4
"'classic',",4
'n'],4
"'despite',",4
"'later',",4
"'comfortably',",4
"['joestert',",4
"['time',",4
"'main',",4
"'dead',",4
'match'],4
"'genuinely',",4
"['billylumsden',",4
"'tommy',",4
'anderson'],4
"['wonder',",4
"'robertson',",4
"'mumbai',",4
"'load',",4
"'anymore',",4
"'straight',",4
"'pretty',",4
"'george',",4
"'notice',",4
'season'],4
"'quickly',",4
"'moan',",4
"'cross',",4
"'mate',",4
"'aidan',",4
"'peerless',",3
"'xi',",3
"'comp',",3
'paulmott'],3
"'hair',",3
"'wife',",3
"'interest',",3
"'wheel',",3
"'injure',",3
"'major',",3
'go'],3
"'spend',",3
"'phillipe',",3
'race'],3
"'champion',",3
"'shift',",3
"'appear',",3
"'country',",3
"'masters',",3
"['danbrettig',",3
"'dom',",3
"'paul',",3
"'tank',",3
"'monster',",3
"'scorcher',",3
"'apparently',",3
"'live',",3
"'struggle',",3
"'blow',",3
"'michael',",3
"'leach',",3
"'yep',",3
"'clean',",3
"'hit',",3
"'high',",3
"'sweep',",3
"'brisbane',",3
"'wisdencricket',",3
"'birthday',",3
"['boris',",3
"'newcastle',",3
"'hand',",3
"'produce',",3
"'burn',",3
"['second',",3
"['jamesbellx',",3
"'allen',",3
"'johnson',",3
"'adamwebb',",3
"'green',",3
'way'],3
"['brilliant',",3
"'bounce',",3
"'juvenile',",3
"['biltonchris',",3
"'money',",3
"['sportinglifefc',",3
"'nappy',",3
"'breederscup',",3
"'end',",3
'face'],3
"'eye',",3
'engvaus'],3
"['poor',",3
"'khawaja',",3
"'check',",3
"'remarkable',",3
"'shout',",3
"'simple',",3
"'nowadays',",3
"'horrific',",3
"'finals',",3
"'star',",3
"'solid',",3
"'literally',",3
"'dance',",3
'world'],3
"'bring',",3
"'tory',",3
"'bout',",3
"'lanka',",3
"'evolutionsprts',",3
"'sleep',",3
"'bar',",3
"'pant',",3
"'sad',",3
'player'],3
"'travel',",3
"'omission',",3
'slvseng'],3
"['andyhorner',",3
"'guy',",3
"['make',",3
'tomc'],3
"'reckon',",3
"'robelinda',",3
'see'],3
'read'],3
'siskin'],3
"'plan',",3
"'goole',",3
'seve'],3
"'fuck',",3
"'draw',",3
"'pen',",3
"'short',",3
"'wilson',",3
'bowl'],3
"'fail',",3
"'mcgill',",3
"'stephen',",3
"'include',",3
'class'],3
'appreciated'],3
"'bang',",3
"'ice',",3
"'completely',",3
'thing'],3
"'mess',",3
"'christ',",3
"'vodcast',",3
'k'],3
"'argue',",3
"['benlinfoot',",3
"'indians',",3
"'fancy',",3
"'seamer',",3
"'poorly',",3
"'roy',",3
"['nice',",3
"['lot',",3
"'doyle',",3
"'carry',",3
"'use',",3
"'key',",3
"'betfairexchange',",3
"'condition',",3
"'half',",3
"'masood',",3
"'heart',",3
"'ability',",3
"['come',",3
"'pakistan',",3
'appreciate'],3
'score'],3
"['king',",3
"'neil',",3
"['sure',",3
"'debut',",3
"['preview',",3
"['enjoy',",3
"'opening',",3
"'title',",3
"'car',",3
"""o'sullivan"",",3
"'peter',",3
"'keeper',",3
"'wearewst',",3
"['richardmann',",3
"'cue',",3
'ausvind'],3
'moment'],3
"['scotttayloruk',",3
"'fact',",3
"'prove',",3
"'near',",3
'wit'],3
"'wrong',",3
"'memory',",3
"['cricket',",3
'goole'],3
"'sri',",3
"'talking',",3
"['snooker',",3
'al'],3
'saturday'],3
"'strategy',",3
"['johnwright',",3
"'vince',",3
"'guilty',",3
"'tbh',",3
"'wanna',",3
"'rail',",3
"'especially',",3
'richardmann'],3
"'column',",3
"'similar',",3
"['lepinchhitter',",3
"'bumrah',",3
"'bingham',",3
'boy'],3
"'future',",3
"'englands',",3
'rest'],3
"'sams',",3
"'square',",3
"'minute',",3
'england'],3
"'set',",3
"'surprise',",3
"'clear',",3
"'post',",3
"'school',",3
"'delhi',",3
"'clearance',",3
"'adelaide',",3
"'touch',",3
"'event',",3
"'house',",3
"'profit',",3
'word'],3
"'odd',",3
"'wonder',",3
"['talk',",3
"['excellent',",3
"'racehorse',",3
"'jump',",3
"'buy',",3
"'shameful',",3
'paulmotty'],3
"'jack',",3
"['awesome',",3
"'criticise',",3
"'comeback',",3
"'understand',",3
"'move',",3
"'paine',",3
'engvpak'],3
"'easily',",3
"'seriously',",3
"['justnormnow',",3
"'smart',",3
"'lovely',",3
"['world',",3
"'factor',",3
"'arm',",3
"'sum',",3
"'naughty',",3
"'average',",3
"'pot',",3
"'excited',",3
"'range',",3
"'georgepitts',",3
"'pure',",3
"'dave',",3
"'honest',",3
'trust'],3
"'slow',",3
'batting'],3
"'sunday',",3
"'position',",3
"'follow',",3
"'archer',",3
"'takeover',",2
"'fouldsy',",2
"'wrap',",2
"'chest',",2
"'maflin',",2
"'control',",2
"'curran',",2
"['easy',",2
"'fingers',",2
"'kind',",2
'point'],2
'frame'],2
"'pm',",2
"'relation',",2
"'parent',",2
"'hospital',",2
'look'],2
"'outplay',",2
"['mikeysbets',",2
"'comment',",2
'bet'],2
"'significant',",2
"'elite',",2
"'sack',",2
'apart'],2
"['chuffed',",2
"'double',",2
"'badger',",2
"'particularly',",2
"'southwell',",2
"'register',",2
"'cotton',",2
"'damian',",2
'nick'],2
"'mainly',",2
'deliver'],2
"'guard',",2
"['fuck',",2
"'dismiss',",2
"'postponement',",2
"'amrac',",2
'ron'],2
'worry'],2
"'quote',",2
"'newmarket',",2
"'chap',",2
"'cop',",2
"'role',",2
"'mix',",2
"'weak',",2
"['jonshelf',",2
"'trouble',",2
"'ballydoyle',",2
"'meydan',",2
'bowler'],2
"'jamie',",2
'fielder'],2
"'distancing',",2
"'hunt',",2
"'decider',",2
"'craigie',",2
"'qualifier',",2
"'forecast',",2
"'sea',",2
"'brag',",2
"'sick',",2
"'tear',",2
"['joe',",2
"'involve',",2
"'mrs',",2
"'stuart',",2
"'bob',",2
"'criminal',",2
"'sideline',",2
"'mile',",2
"'overcome',",2
"['andymcgcricket',",2
"'friend',",2
"'smullen',",2
'ago'],2
"'baize',",2
'deal'],2
"'antepost',",2
"'speak',",2
"['lhayward',",2
"'sesh',",2
"'drink',",2
"['robelinda',",2
'finish'],2
'right'],2
"'interference',",2
"['get',",2
"'lead',",2
'tonight'],2
"['regardless',",2
'use'],2
"'europe',",2
"'weary',",2
"'afidelf',",2
"'different',",2
"'defend',",2
"'patently',",2
"'sibley',",2
"'essential',",2
'chennai'],2
"['tynebadger',",2
"'standard',",2
"'squire',",2
"'lady',",2
'boss'],2
"'city',",2
"'hearn',",2
"'national',",2
'attack'],2
"['point',",2
'end'],2
"'kill',",2
"'tonights',",2
"'alma',",2
"'nip',",2
'lik'],2
"'name',",2
"'cause',",2
"'retweet',",2
'incredible'],2
'night'],2
"'lawrence',",2
"'leg',",2
"'ding',",2
'bu'],2
'quote'],2
'c'],2
"'dry',",2
"'bear',",2
"'typically',",2
"['davehendon',",2
"'lay',",2
"'local',",2
'strong'],2
"'fabulous',",2
"'hurdle',",2
"'exclusive',",2
"'ace',",2
"'anniversary',",2
"'track',",2
"['mickeybeardmore',",2
'need'],2
"'video',",2
'r'],2
"'side',",2
"'contribution',",2
"'swap',",2
"'ab',",2
"'drs',",2
"'jesus',",2
"['thing',",2
'break'],2
"'pearl',",2
"'nah',",2
"'naked',",2
"'todays',",2
"'performance',",2
"'beautiful',",2
"'talent',",2
"'sanortheast',",2
"'asia',",2
"'ed',",2
"'thecricketermag',",2
'christmas'],2
"'dundalkstadium',",2
"'whatsoever',",2
"'de',",2
"'boom',",2
"['would',",2
'p'],2
"['bess',",2
"'hype',",2
"'anthony',",2
"['foulds',",2
"'undermine',",2
'awful'],2
"['traderblog',",2
"'forward',",2
"'wednesday',",2
"'dominate',",2
"'cheltenham',",2
"['rocket',",2
"'disappoint',",2
"'glory',",2
'fan'],2
"'chip',",2
"'irish',",2
"'covid',",2
'start'],2
"'pat',",2
'innings'],2
"['pontymph',",2
"'fascinating',",2
'place'],2
"'tricky',",2
"'football',",2
"'background',",2
"'yes',",2
"'site',",2
"'professional',",2
'bear'],2
"['benjonescricket',",2
'foot'],2
'work'],2
"'meet',",2
"'pie',",2
"'podder',",2
"'christmas',",2
"'josh',",2
"'happen',",2
"['foakes',",2
"'wazzas',",2
'gloriousgoodwood'],2
'judge'],2
"'russell',",2
"'dundalk',",2
"['jimgilch',",2
"'jason',",2
"'thinking',",2
"['bairstow',",2
"'barry',",2
"'handicap',",2
"['dom',",2
"'sky',",2
"'malan',",2
"'cream',",2
"'decide',",2
"'martin',",2
"'seal',",2
"'opinion',",2
"'self',",2
'co'],2
"'peak',",2
"'baby',",2
"'gill',",2
'final'],2
"'stats',",2
"'maxwell',",2
"'listen',",2
"'remain',",2
'george'],2
"'twice',",2
'warner'],2
"['buttler',",2
"['right',",2
"'cover',",2
'hope'],2
'will'],2
"['ipl',",2
"['stuartbroad',",2
"'past',",2
"['fair',",2
"['tip',",2
"'kempton',",2
"'hero',",2
[],2
"'excuse',",2
"'close',",2
'ja'],2
"['be',",2
'master'],2
"['situation',",2
'well'],2
"['crikey',",2
"'stage',",2
"'st',",2
'spot'],2
'want'],2
'hour'],2
"'tipping',",2
"'f',",2
"['dubai',",2
"['hard',",2
'eve'],2
"'pundit',",2
'superb'],2
"'scotttayloruk',",2
"'trafford',",2
"['chad',",2
"['hsyf',",2
"'potentially',",2
"'defo',",2
"'lump',",2
"'relay',",2
"'rule',",2
"'quality',",2
"'tone',",2
'remind'],2
"'letter',",2
"'hander',",2
"'discuss',",2
"['syfranks',",2
"'punt',",2
"'force',",2
"'numptyronnieo',",2
"'lfc',",2
"['chrishammer',",2
"'twitter',",2
"'doug',",2
"'frustrating',",2
"'vohra',",2
"'ashwin',",2
'sitter'],2
"'east',",2
"'steal',",2
"['try',",2
'job'],2
"['sanortheast',",2
"'cricketbette',",2
"'slog',",2
'sure'],2
"'individual',",2
"'defence',",2
"'shoot',",2
"['sydney',",2
"'habit',",2
'hop'],2
"'type',",2
"'lucky',",2
"'itv',",2
"'pleasure',",2
'would'],2
'kyren'],2
"'terry',",2
"'october',",2
'trainer'],2
"'tough',",2
'soon'],2
"'mountjoy',",2
"'clash',",2
"'continue',",2
"['neilfoster',",2
"'fourth',",2
"'capital',",2
"'playing',",2
"'building',",2
"['beverleytcc',",2
"['nick',",2
"'wedding',",2
"'mjlh',",2
"['oh',",2
"'able',",2
'lovely'],2
'saveng'],2
"'rahul',",2
"'grass',",2
"'bag',",2
"'black',",2
"['win',",2
"'olibellracing',",2
"'lock',",2
"'teacher',",2
"'pass',",2
"'monday',",2
'watch'],2
"'march',",2
"'spinner',",2
"'quarter',",2
'dawid'],2
"'sharp',",2
"'noise',",2
"'embarrassing',",2
"'profile',",2
"'breeders',",2
"'continually',",2
"'vote',",2
"'beast',",2
"'cricketali',",2
"'coverage',",2
"'yan',",2
"['richwalton',",2
'believe'],2
"'seven',",2
"'gunna',",2
"'save',",2
"'history',",2
"'remind',",2
"'margin',",2
"'closer',",2
'ground'],2
"'prediction',",2
"'certainly',",2
"'aufwiedpet',",2
"'imagine',",2
"'fight',",2
"'magnificent',",2
"['realdonaldtrump',",2
"'totally',",2
"'kurt',",2
"'nzvban',",2
"'srh',",2
"['peak',",2
"'victory',",2
"['warner',",2
"['adamkendo',",2
"'little',",2
"'obrien',",2
'magic'],2
"'outrights',",2
"'lacey',",2
"'send',",2
'measure'],2
"'cob',",2
"'wise',",2
"'blast',",2
"'hull',",2
"'wish',",2
"'death',",2
"'suggest',",2
"'sake',",2
"'laptop',",2
"'biden',",2
"'richwilson',",2
"'rank',",2
"'obviously',",2
'repeat'],2
"'psl',",2
"'rd',",2
"['massive',",2
"'league',",2
"'target',",2
"['bit',",2
'signing'],2
"'row',",2
'anymore'],2
"'kyren',",2
"['nakulmpande',",2
"'christian',",2
"'cost',",2
"['williamson',",2
"'goodness',",2
"'ben',",2
"'tips',",2
"'nicholls',",2
"'nortje',",2
'practice'],2
'fi'],2
"'truth',",2
"['notmytempo',",2
'curran'],2
"'door',",2
"'breeder',",2
"'accept',",2
"'dream',",2
"'maiden',",2
"'follower',",2
"'term',",2
"'social',",2
"['nmpunter',",2
"'westfield',",2
"'return',",2
"'prepare',",2
"['nickaroyle',",2
"'disease',",2
"'captaincy',",2
'fuck'],2
'mis'],2
"'heat',",2
"'concur',",2
"'analysis',",2
"['mwrgeography',",2
'friday'],2
"'format',",2
"'aus',",2
"'backer',",2
"'challenge',",2
'weekly'],2
"'pfizeruk',",2
'guess'],2
"'government',",2
"'iyer',",2
"'respect',",2
"'everyone',",2
"'starc',",2
'entertainment'],2
"'ryancollins',",2
'catch'],2
'pound'],2
"'burdett',",2
"'chrishammer',",2
"'notts',",2
"'consider',",2
'term'],2
"'important',",2
"'des',",2
"'pressure',",2
"'talkingsnooker',",2
'doubt'],2
"'unbelievable',",2
"'evening',",2
"'unlike',",2
"['liamsmith',",2
"'off',",2
"'cheap',",2
"['ab',",2
"'brief',",2
"'nominate',",2
"'thousand',",2
"['fine',",2
"'lufc',",2
"'beer',",2
"'strictly',",2
"'nut',",2
"'tom',",2
'nowadays'],2
"'lbw',",2
"'adammorgs',",2
'have'],2
"['judd',",2
"['attheraces',",2
"['class',",2
"'nee',",2
"['fascinating',",2
"'hardly',",2
"'healthy',",2
"'lyon',",2
"'temperament',",2
"['team',",2
"'mag',",2
"'issue',",2
"'surprised',",2
"'space',",2
"'wreckon',",2
"'oblige',",2
'baby'],2
"'metrosporthq',",2
"['old',",2
"'ship',",2
"'crawley',",2
"'worried',",1
"'gentleman',",1
'intimidatin'],1
"['wayne',",1
"['irish',",1
"'messing',",1
"'triple',",1
'pope'],1
"'negativity',",1
"'covid-',",1
"'vine',",1
"'irelands',",1
"'sentiment',",1
"'quiet',",1
'cigar'],1
"'disrespectful',",1
"'dust',",1
"'spanish',",1
'placepot'],1
'earlier'],1
'iv'],1
'photo'],1
'hims'],1
"'squad',",1
"'opt',",1
"'french',",1
"'joshhalliday',",1
"['presume',",1
['pandya'],1
'cricketbetting'],1
"'egg',",1
"'crack',",1
'sdavis'],1
"'dictate',",1
"'gully',",1
"['masterclass',",1
'selection'],1
"'toilet',",1
"['jimmy',",1
'footballer'],1
"'rein',",1
"'intra',",1
"['hawkwe',",1
"'watching',",1
"'north',",1
"['sebastianepayne',",1
'twitter'],1
"'living',",1
"['ryancollins',",1
"['pace',",1
"'guarantee',",1
"'intracingbureau',",1
"'henriques',",1
"'report',",1
"['ryan',",1
"'borisjohnson',",1
"'army',",1
"'yarmouth',",1
"'broadcaster',",1
"'rating',",1
"'wiggle',",1
"'ymca',",1
"'mince',",1
'age'],1
"'iron',",1
"'thrill',",1
"'finter',",1
"'brain',",1
"'insane',",1
'burden'],1
"['stoinis',",1
"'thingsthat',",1
"'land',",1
"['fact',",1
'change'],1
"'lightly',",1
"'newton',",1
"'eurosport',",1
"'barely',",1
"'build',",1
'phil'],1
"'skybet',",1
"'pork',",1
"'offensive',",1
"['murrayb',",1
'sunderland'],1
"'flop',",1
"'journo',",1
"'seventh',",1
"'sale',",1
"['previews',",1
"'bollock',",1
"'unforced',",1
"'australias',",1
'includin'],1
"'brock',",1
"['need',",1
"'seemingly',",1
"'ricky',",1
"'sheffield',",1
'choice'],1
"'retirement',",1
"'competitive',",1
'championship'],1
"'commentator',",1
"'lowdown',",1
"['ding',",1
"'hail',",1
'live'],1
"['bgazeley',",1
"['cricketonly',",1
"['newmarket',",1
"'petulant',",1
"'collinsadam',",1
"'pony',",1
"'stewards',",1
"'buying',",1
"'strikers',",1
"'photo',",1
'ronnie'],1
"'hone',",1
"'savour',",1
"'villiers',",1
"'cash',",1
'beat'],1
'fo'],1
['magical'],1
"'member',",1
"'experiment',",1
'cowboy'],1
'todger'],1
'worldsnookerchampionship'],1
'typically'],1
"'crescendo',",1
'tatter'],1
"'subcontinent',",1
'cu'],1
'informe'],1
"'bleed',",1
"'sampsoncollin',",1
"['ivesonlloyd',",1
"'rise',",1
'bring'],1
"'appreciated',",1
"'beautifully',",1
"'fanning',",1
"['peston',",1
"['anoop',",1
'higgi'],1
"'promise',",1
"'leomcguinn',",1
"'dirty',",1
'championshipleaguesnooker'],1
"'initial',",1
'fr'],1
'plenty'],1
"'curtain',",1
"['inducker',",1
"'pleaseeeeeeeeee',",1
"'probert',",1
"'ferguson',",1
"'battleground',",1
"'explain',",1
"'realdonaldtrump',",1
"'feast',",1
'stick'],1
"'danger',",1
'ha'],1
'aussie'],1
"'confuse',",1
"'jscott',",1
"'neal',",1
"'overreaction',",1
"'host',",1
"'yer',",1
"'tipster',",1
"'cheeseburger',",1
"'worthy',",1
"'till',",1
"['catch',",1
"['short',",1
"'tier',",1
"'cheat',",1
"'crazy',",1
'joe'],1
'tough'],1
'guru'],1
'marsh'],1
"'file',",1
'marker'],1
"['thecricketgeek',",1
"'hasaranga',",1
"'blunt',",1
"'chris',",1
"'slide',",1
"'usual',",1
"['garethjones',",1
'hales'],1
"'competition',",1
'gun'],1
'decision'],1
'fight'],1
'truth'],1
"'matthew',",1
"'cheers',",1
"'rabada',",1
"'emma',",1
"'treat',",1
"'growth',",1
"""don't""]",1
"'tight',",1
'ymca'],1
"'expectation',",1
"'edmonds',",1
"['tidy',",1
"'glove',",1
"'matter',",1
"'curly',",1
"'hendon',",1
"'kiss',",1
"'prod',",1
'rip'],1
"'foggiest',",1
"'project',",1
"'bdo',",1
"['brendon',",1
"'message',",1
"'decent',",1
'outfield'],1
"'timeform',",1
"['admittedly',",1
"['richmusgrave',",1
"'useful',",1
"'yorkteachingnhs',",1
"'peel',",1
"['davidshield',",1
"'notion',",1
"['tim',",1
"['dear',",1
"'classless',",1
'offer'],1
"'safe',",1
"'midnight',",1
"'frustration',",1
'bbc'],1
"['numptyronnieo',",1
"['wife',",1
'picture'],1
"'kyrens',",1
"'classical',",1
"'apart',",1
"'lane',",1
['boy'],1
"['mcjnicholas',",1
"'freak',",1
"['lbc',",1
"['hollie',",1
"['sachinrt',",1
"'pink',",1
"['paul',",1
"['thoroughly',",1
"'clarkes',",1
"'earth',",1
"'du',",1
"'list',",1
'miss'],1
"'combat',",1
"'jonny',",1
"'ageas',",1
"'nobel',",1
"['georgepitts',",1
"'alcohol',",1
"'bags',",1
"'alfie',",1
'barrow'],1
"'cheque',",1
'northerner'],1
"'coley',",1
"'chuffed',",1
'morning'],1
"'ojpimlott',",1
"['outstanding',",1
'minefield'],1
"['champion',",1
'tip'],1
'bl'],1
"'wonderful',",1
"['inside',",1
"'dare',",1
'stop'],1
"'basically',",1
'forme'],1
"'lisowksi',",1
"'seamers',",1
"['master',",1
'birthday'],1
"'answer',",1
"'aikido',",1
'eac'],1
"['curryspcworld',",1
"'silver',",1
"['sussexphilip',",1
"'moeen',",1
'people'],1
"['josephdyer',",1
'hammer'],1
"'manner',",1
"['ponting',",1
'stay'],1
'semi'],1
'truc'],1
"'wazza',",1
"'columnist',",1
"'dubawi',",1
"'armpits',",1
"'magaluf',",1
'fieldin'],1
"['aufwiedpet',",1
"'karaoke',",1
"'operate',",1
"'chteau',",1
"'lockdown',",1
'hav'],1
'victory'],1
'latte'],1
"'possibly',",1
'small'],1
'sight'],1
'tweet'],1
"'reality',",1
"'bed',",1
"'streetwise',",1
'cricketer'],1
"'auction',",1
"'scooter',",1
"['ride',",1
"'entire',",1
'pm'],1
"'ansell',",1
'spectato'],1
"'memories',",1
"'mer',",1
'literally'],1
"'punjabkings',",1
'drunk'],1
'bowli'],1
"'manan',",1
'hendry'],1
"'andy',",1
"['alexkibrick',",1
'matter'],1
"'garethharry',",1
"'lordan',",1
"'banter',",1
['alright'],1
"['fielder',",1
"['staggering',",1
'take'],1
"'blackwood',",1
"'advantage',",1
"'punter',",1
"['sickener',",1
"'newspaperofrecord',",1
"'horrendous',",1
"'serenade',",1
"'treasure',",1
"['regis',",1
"'concede',",1
"'joseph',",1
"'overseas',",1
"['break',",1
"'hitter',",1
"'robwalkertv',",1
"'pint',",1
"'striker',",1
"'pun',",1
"'holiday',",1
"'ti',",1
"'thetopspin',",1
'pic'],1
"'equidia',",1
"'roshens',",1
"'footage',",1
'wait'],1
"'teas',",1
"'absorb',",1
"'handball',",1
"'convince',",1
"'davis',",1
'ta'],1
"'honour',",1
"'lockie',",1
"'footy',",1
'initalian'],1
"['carey',",1
"'loss',",1
"'tv',",1
"'etc',",1
"['sportingprofit',",1
"['selbys',",1
"['struggle',",1
"'understandably',",1
"'royals',",1
"'chairman',",1
"'claim',",1
"'nation',",1
"'busy',",1
'albond'],1
'ball'],1
"'ishant',",1
'stand'],1
"'carnage',",1
"'rough',",1
"'gag',",1
'sharma'],1
"'dual',",1
"'aye',",1
"'tomorrows',",1
"'timing',",1
"'foulds',",1
"['olibellrace',",1
"'lesley',",1
"['carlsberg',",1
"'chenzorod',",1
"['well',",1
"'watson',",1
"'flip',",1
"['lbw',",1
'modmin'],1
"'nutshell',",1
"'regard',",1
"'seasons',",1
"'nauseating',",1
"['pope',",1
"'stock',",1
"'mockery',",1
"'sbmpodcast',",1
"['tough',",1
"'survive',",1
"'publishing',",1
'trophy'],1
"'shatter',",1
"'sportsman',",1
"['garylineker',",1
"'gooletowncc',",1
"'attention',",1
"'drive',",1
'strive'],1
'sa'],1
"'en',",1
'ro'],1
"'epic',",1
"'marcusreed',",1
"'sbcinfo',",1
'currently'],1
"['whr',",1
"'cottinghamcc',",1
"'dislike',",1
"'thankfully',",1
"'arkle',",1
"'real',",1
"'mishriff',",1
"['yep',",1
'giv'],1
"['steventrevor',",1
"'intelligent',",1
"'journey',",1
'tr'],1
'torch'],1
'crucible'],1
"'sloppy',",1
'nut'],1
"'rebuff',",1
'whirlwind'],1
'liveliho'],1
"'honeysuckle',",1
"'feature',",1
"'cheltenhamfestival',",1
'david'],1
'finter'],1
"'rashids',",1
['yessssssssss'],1
"'chop',",1
"'million',",1
'mistake'],1
"['play',",1
"'indiavsaustralia',",1
"'snare',",1
"['jamesaknight',",1
'masters'],1
'ni'],1
"['load',",1
'charge'],1
"'eve',",1
"'clan',",1
"'hilton',",1
"['stagger',",1
"'thatcher',",1
"'moores',",1
'nonsense'],1
'gentleman'],1
"['leeds',",1
"['mattyjc',",1
"'hurricane',",1
"'food',",1
"'jr',",1
"'generally',",1
"'baptiste',",1
'new'],1
"'bouncer',",1
"'garethjones',",1
"['finchy',",1
'rashford'],1
"'haha',",1
"'prepared',",1
'card'],1
"['oliver',",1
"'southerners',",1
'bed'],1
'broad'],1
"'stole',",1
"'induce',",1
"'southee',",1
'talk'],1
'god'],1
"'effort',",1
"'throw',",1
"'choose',",1
'glorious'],1
"['complete',",1
'grandpa'],1
'australia'],1
"['happy',",1
"'applicant',",1
"'constantly',",1
'colleague'],1
'gre'],1
"'augusta',",1
"'martinstown',",1
"'hug',",1
"'body',",1
"'separate',",1
"'metcalfe',",1
"'obamas',",1
"'triviality',",1
'higgins'],1
'series'],1
'goat'],1
'worldgrandprix'],1
"'teach',",1
'pool'],1
'fucked'],1
"['geoffbanksbet',",1
'puller'],1
"'note',",1
"'listening',",1
'brain'],1
"'partial',",1
'effo'],1
'holding'],1
"'begin',",1
"'theory',",1
"'shorty',",1
'gift'],1
"'judge',",1
"'sportspeople',",1
"['vote',",1
"'figure',",1
'outplay'],1
"'tree',",1
'member'],1
"'lara',",1
"'bench',",1
"'jolly',",1
"'sundar',",1
"'advice',",1
"'magic',",1
"'pete',",1
'doyle'],1
"'brutal',",1
"'invite',",1
"['bronze',",1
"'weatherman',",1
'meydan'],1
"'dreadful',",1
['word'],1
"'booking',",1
"'straighten',",1
"'grace',",1
'bit'],1
"['god',",1
"'song',",1
"'confidence',",1
'nickmetcalfe'],1
"'grandnational',",1
"'ap',",1
"'slate',",1
"'bradhogg',",1
"['gym',",1
'comment'],1
"'provide',",1
"['ridiculous',",1
"'buick',",1
"['angle',",1
"'anrich',",1
"'blazer',",1
"'mans',",1
"'walsh',",1
"'pandemic',",1
'ana'],1
"'total',",1
'person'],1
"'spurn',",1
"'campaign',",1
"'fresh',",1
"'bradford',",1
"'sulk',",1
"['virat',",1
"['moment',",1
'scene'],1
"'harry',",1
"'mouse',",1
"'quicker',",1
"'viewing',",1
"['benraywood',",1
"'scoring',",1
'woman'],1
"'sixth',",1
'defens'],1
"['sublime',",1
'wpbsa'],1
"'attitude',",1
"'sense',",1
"'rhodesdom',",1
"['classy',",1
"['replace',",1
'littl'],1
"'shaun',",1
'frostbite'],1
"'pound',",1
'reading'],1
"['banton',",1
"'nottinghamshire',",1
"'pro',",1
'approach'],1
"['wood',",1
"'drama',",1
"'blo',",1
"'adulation',",1
"'scale',",1
"'jon',",1
"'absence',",1
'business'],1
"'sensational',",1
"'pdc',",1
"'science',",1
'sixth'],1
"'waffle',",1
"'ideal',",1
"'-year',",1
"['jherridge',",1
"'speaking',",1
"'phenomenal',",1
"['thecricketermag',",1
"'reaction',",1
'conv'],1
"'deserving',",1
"'sexism',",1
"'non',",1
'aver'],1
"['deadline',",1
"'hostility',",1
"'baldwin',",1
"['david',",1
'praise'],1
"'instalment',",1
'fancy'],1
'sense'],1
"['metcalfe',",1
"'stablesfarm',",1
"'tea',",1
"'adhere',",1
"'jose',",1
"'hazlewood',",1
"'kevin',",1
"'bresnan',",1
"'spank',",1
"'appalling',",1
"'roshen',",1
"'overuse',",1
"'oner',",1
"['insane',",1
"['psl',",1
"'geezer',",1
"['skynews',",1
"'bumble',",1
"'mot',",1
"'jos',",1
'writi'],1
"'unexpected',",1
"['ireland',",1
"'lively',",1
'mate'],1
'slveng'],1
"'one',",1
"'godfather',",1
'indvaus'],1
'paulm'],1
'cricketb'],1
"'mews',",1
"'judo',",1
"'pre',",1
'ou'],1
"'yorks',",1
'guinness'],1
"'tye',",1
"'defeat',",1
"'howden',",1
"'ballyodyle',",1
"'sweet',",1
"'remove',",1
"'salt',",1
'contribute'],1
"['rohit',",1
"'peirson',",1
'possible'],1
"['despite',",1
"'nzvaus',",1
"'barley',",1
"'going',",1
"'daily',",1
"'darts',",1
"'limber',",1
"['golfinggods',",1
'mission'],1
"'stoic',",1
'usually'],1
'smart'],1
['bencoleygolf'],1
"'bust',",1
"['typical',",1
"'image',",1
'regardless'],1
"'harrison',",1
"'fluke',",1
'implore'],1
"'gerrrrrrrrr',",1
"'reply',",1
'coastal'],1
'mp'],1
"'dollar',",1
"'aussies',",1
"'lisowski',",1
'exactly'],1
'package'],1
"['run',",1
'sport'],1
'kind'],1
"'support',",1
"'hello',",1
'key'],1
"'starcs',",1
"'broom',",1
"'conservatively',",1
"'grand',",1
"'boult',",1
"'cagnes',",1
"'stevens',",1
"'winnner',",1
"'reunite',",1
"'portion',",1
"'disgrace',",1
'indvend'],1
"['lingfield',",1
"'chat',",1
"'enthusiasm',",1
"'circle',",1
"'tbf',",1
"['daletempest',",1
"['absolute',",1
"['danwhitepr',",1
'comms'],1
"'air',",1
"'x',",1
"'dwell',",1
'dicky'],1
"['early',",1
"['michael',",1
"['mind',",1
"'determine',",1
'si'],1
"['kurt',",1
"'curragh',",1
"'cheer',",1
"'june',",1
"['bring',",1
"'promotion',",1
"'humpers',",1
"'snow',",1
"['pat',",1
"['terrific',",1
"'convincingly',",1
"'seat',",1
"'prize',",1
"['farages',",1
"'nd',",1
"'gilbert',",1
'osullivan'],1
'sampsoncollins'],1
'scooter'],1
"'promote',",1
"'stake',",1
'spencer'],1
"['reserve',",1
"'mary',",1
'technic'],1
"'rabadas',",1
"'office',",1
"['crucible',",1
"'deep',",1
"'prep',",1
"'hopeless',",1
'outsw'],1
"'window',",1
"['jamiepierce',",1
'grape'],1
"'obvious',",1
"'renew',",1
"'emotional',",1
"'ms',",1
'ponting'],1
'tuesday'],1
'thund'],1
"'doncasterrace',",1
"['chapplehyam',",1
"'marvellous',",1
"'appearance',",1
'reserves'],1
"'vudu',",1
"'goldikova',",1
"'indvseng',",1
['wish'],1
"'thebhf',",1
'loopy'],1
"['nerveless',",1
'disaster'],1
'myth'],1
"['doug',",1
"'gigginstown',",1
"'shamble',",1
"['danneal',",1
'efficiency'],1
"'phone',",1
"'canelosaunder',",1
'breathe'],1
"'greeting',",1
'ar'],1
"'bee',",1
'pummelling'],1
"'outgun',",1
"'panel',",1
'north'],1
"'create',",1
"['feel',",1
"'aspire',",1
"'spoty',",1
"'silly',",1
'lord'],1
"'laughable',",1
'tomorrow'],1
"'soothing',",1
'brockl'],1
"'scrap',",1
'prev'],1
"'blogge',",1
"'tooth',",1
"'ebdon',",1
'mcgill'],1
"'ruby',",1
"'highlight',",1
'fantastic'],1
'home'],1
"'colt',",1
"'mighty',",1
'forward'],1
"['year',",1
'noise'],1
'chop'],1
"['week',",1
"'dorf',",1
'nearly'],1
"'mickey',",1
"['busy',",1
"'bant',",1
"'woodwork',",1
'archer'],1
'involve'],1
"['gill',",1
'loo'],1
['king'],1
"'fantastic',",1
"'shame',",1
'bloke'],1
'satchel'],1
"'complete',",1
"'doll',",1
'olibellrace'],1
'bigbash'],1
"'nakulmpande',",1
"'gloveman',",1
'answer'],1
"'recently',",1
'blue'],1
"'staggering',",1
"['archer',",1
"'hammer',",1
"'suppose',",1
"'daughter',",1
"'zero',",1
"'footballer',",1
'lucky'],1
"'emperor',",1
'foster'],1
"'capitals',",1
"['davymoore',",1
'website'],1
"'realise',",1
'unsold'],1
"'straw',",1
"'blaze',",1
"'thurle',",1
"'obeaux',",1
['harjot'],1
"'zhou',",1
'li'],1
'foake'],1
"'problem',",1
"'bicycle',",1
'join'],1
'headband'],1
"'center',",1
"'stretch',",1
"['australia',",1
'rare'],1
"'bants',",1
"'stunning',",1
'middl'],1
"'consistently',",1
"['williams',",1
'v'],1
'box'],1
'seaside'],1
"['bias',",1
'indvsend'],1
"'runner',",1
'crai'],1
'thursday'],1
"'bias',",1
"['ransom',",1
"'official',",1
"'reliant',",1
"'up',",1
"['forgive',",1
'fro'],1
"'kohlis',",1
"'dukes',",1
"'penultimate',",1
'bonfire'],1
"['selvecricket',",1
"'agar',",1
'specia'],1
"'bicep',",1
'bias'],1
"['green',",1
"'bugger',",1
'disap'],1
"'saadvantage',",1
"['roy',",1
"'fluff',",1
"'sublime',",1
"'scroll',",1
"'circumstance',",1
"'khawajas',",1
"'glad',",1
"'customer',",1
"'clock',",1
"'deliberately',",1
"'doyler',",1
"'fav',",1
'com'],1
'danger'],1
'int'],1
"'lxuis',",1
'defe'],1
"'owe',",1
"'pair',",1
'shocked'],1
"'wary',",1
"'leicestershire',",1
"'mature',",1
"'weigh',",1
"'treacle',",1
'wo'],1
"['jack',",1
"['work',",1
"'shattered',",1
"'predict',",1
"['thank',",1
"'utter',",1
"'department',",1
"'pacer',",1
'hand'],1
"'jedd',",1
'cafe'],1
"'wilted',",1
"'gwsnookertip',",1
"'hook',",1
"'reasonably',",1
'line'],1
'asia'],1
"'unlucky',",1
"['mikelawrencetv',",1
'bess'],1
'mit'],1
"['philrace',",1
"['ton',",1
"'nasser',",1
"'flack',",1
'harry'],1
"'berry',",1
"'mum',",1
"'jhye',",1
"['churchill',",1
'ben'],1
"'scoop',",1
"'bullet',",1
"'crown',",1
'fear'],1
"['constant',",1
"'dicky',",1
"['different',",1
'wyrill'],1
"'chriss',",1
'meeting'],1
'soul'],1
"'reason',",1
"'wrath',",1
"'capability',",1
"'tactician',",1
"'defensive',",1
"'shanelevitt',",1
"'pissing',",1
"['racingtv',",1
"'show',",1
'ffs'],1
"['steak',",1
'stallion'],1
"'mad',",1
'obrien'],1
'superstar'],1
"'slightly',",1
"'kl',",1
"'clue',",1
"'dispel',",1
"['mohansachin',",1
"['lady',",1
"'dre',",1
'pe'],1
"'ashley',",1
"'pod',",1
"'battery',",1
"'nuts',",1
"'tremendous',",1
"['shameful',",1
'jumper'],1
'profile'],1
"'logic',",1
"'reopen',",1
"'proud',",1
"['amazing',",1
'pile'],1
"'properly',",1
"'av',",1
'indians'],1
"'umpiring',",1
'powerplay'],1
"'nhs',",1
"'ord',",1
"'abhinandan',",1
"'ross',",1
"'cow',",1
"'manage',",1
'pay'],1
'saunders'],1
"'pakvsa',",1
'chuffed'],1
"'aftertime',",1
'snowman'],1
"'sculpt',",1
'tina'],1
"'heres',",1
"'victor',",1
"'healy',",1
"'wetherby',",1
"'chiefly',",1
"'backyard',",1
"['tactile',",1
"['issue',",1
"'shirt',",1
"['sloppy',",1
"'skycricket',",1
"'crease',",1
'today'],1
"'zimvpak',",1
'help'],1
"'edge',",1
"['thankfully',",1
"'flush',",1
"'whitewash',",1
"'betway',",1
"['sky',",1
"'punjabkingsipl',",1
"'dawid',",1
"['jamesbrown',",1
"'nigel',",1
'incoming'],1
"'sexy',",1
"'masterclass',",1
"'rock',",1
"['show',",1
"['walter',",1
'sampsoncolli'],1
"'questionable',",1
"'expertly',",1
"'simonholt',",1
'stillthebest'],1
'big'],1
'kid'],1
"'pga',",1
"'importance',",1
"'fishy',",1
"'pursestring',",1
"'indigestion',",1
"'concentrate',",1
"'blockbuster',",1
"'resumption',",1
'gooletowncc'],1
'future'],1
'pakveng'],1
'miracle'],1
"['wash',",1
"'bunch',",1
'fu'],1
'fini'],1
"'credibility',",1
"'standing',",1
'write'],1
"'corner',",1
"'quiz',",1
"'own',",1
"'plessis',",1
"'add',",1
"['germanref',",1
"['cool',",1
"'previews',",1
"['x',",1
"'dos',",1
"'possible',",1
"['aus',",1
"'child',",1
'rcb'],1
"'conundrum',",1
'racing'],1
'sp'],1
"'sl',",1
"'nightmare',",1
"'uncomfortable',",1
'bullet'],1
"'balco',",1
"'vein',",1
"'whip',",1
"'casual',",1
"'autumn',",1
"'appreciate',",1
"['pen',",1
"'philippe',",1
'one'],1
"'crisis',",1
"'picture',",1
"'schoolchildren',",1
"['jesus',",1
"['brain',",1
"'honestly',",1
"'mare',",1
"['balance',",1
"'richardson',",1
"['root',",1
"'overboard',",1
"'atm',",1
"'infirmary',",1
'pi'],1
"['khawaja',",1
"'pts',",1
"'sidmouthcc',",1
"'ought',",1
'bant'],1
"'enforce',",1
"'saturdays',",1
"'sword',",1
"'grumble',",1
'get'],1
"'mrowntreerace',",1
"'frustrated',",1
'wager'],1
'pass'],1
"'copy',",1
"'underestimate',",1
"['starc',",1
"'merry',",1
"['brilliantly',",1
"['sixers',",1
"'pad',",1
'near'],1
"'mahela',",1
"'durham',",1
"['neal',",1
"'chdashish',",1
"['marvellous',",1
"'xmas',",1
'load'],1
'bollo'],1
"['mattsander',",1
"'mask',",1
"['jordan',",1
'engvire'],1
"['argue',",1
'therealchadcbr'],1
'filth'],1
'west'],1
"'devillier',",1
"['umpire',",1
'jonmullin'],1
"'plodder',",1
'dannyspeck'],1
'droppin'],1
"'injury',",1
"'limitation',",1
'tou'],1
"'venue',",1
'apparently'],1
"'book',",1
"'ffs',",1
'doom'],1
'throughou'],1
"'controller',",1
"'hot',",1
"'reed',",1
'inside'],1
'corbyn'],1
'u'],1
"['nathan',",1
"'reflection',",1
'handy'],1
'speech'],1
"'behrendorff',",1
"['uptheirons',",1
"'fault',",1
'find'],1
"'rendition',",1
"['balls',",1
"['wilson',",1
"'roar',",1
"'benn',",1
"'calculate',",1
"'royal',",1
"'heavy',",1
'inexperience'],1
'writer'],1
"'geordie',",1
'mix'],1
"'knives',",1
"'recreational',",1
"['rashid',",1
"'choice',",1
"['garystjohn',",1
"'presume',",1
"'jessies',",1
"'entry',",1
'page'],1
'walk'],1
"'ryan',",1
"'trough',",1
"'hawkins',",1
"'mickeybeardmore',",1
"'present',",1
"'difference',",1
"'dependant',",1
'short'],1
"['swafters',",1
'cake'],1
'blow'],1
'nonsen'],1
"'organise',",1
"'steyn',",1
'over'],1
"'duck',",1
'popular'],1
"['special',",1
"'carlsberg',",1
['cricketbette'],1
'promise'],1
"'dip',",1
"'overall',",1
"'drunk',",1
"'par',",1
"['keep',",1
"'apology',",1
"'available',",1
"'ep',",1
"'angryfarmer',",1
'chester'],1
'rodney'],1
'sober'],1
'ove'],1
'indies'],1
"'error',",1
'tribute'],1
"['alyssa',",1
"'engvpak',",1
"'january',",1
"'furiou',",1
"'fox',",1
"['fabulous',",1
"'jakes',",1
'level'],1
"'offer',",1
'dept'],1
"['like',",1
"'handy',",1
"'cuba',",1
'foun'],1
'des'],1
"['hopefully',",1
"'vaccine',",1
"'terrible',",1
"'medium',",1
"'case',",1
"['midfields',",1
"'mumbaiindian',",1
'wife'],1
'expone'],1
'takin'],1
"['misfields',",1
'bikini'],1
"'option',",1
"'shitshow',",1
"'slveng',",1
"'april',",1
"'qs',",1
"['willismacp',",1
'special'],1
'boris'],1
"'hancock',",1
"'rub',",1
"'ivesonlloyd',",1
'coverage'],1
'rain'],1
"'mujeeb',",1
'woul'],1
"'knicker',",1
'crowd'],1
"'allow',",1
"'games',",1
"'noel',",1
'iplauction'],1
"'kauto',",1
"'spirited',",1
"'leap',",1
"'granny',",1
"['rahane',",1
"'september',",1
'favourit'],1
'pretty'],1
"['coveragestudio',",1
'lamb'],1
"'vector',",1
'mullin'],1
"'joke',",1
"'wst',",1
'cob'],1
'teach'],1
"'steam',",1
'batt'],1
"'patjsmullen',",1
"['high',",1
"'newcol',",1
'hartley'],1
'burdett'],1
"'criticism',",1
"['broad',",1
"'perfect',",1
"'hayward',",1
"'tad',",1
"'staking',",1
"'bangkok',",1
"'denly',",1
'buttler'],1
'nail'],1
"['sulk',",1
"'lyth',",1
'pa'],1
"'group',",1
"'profession',",1
"'improve',",1
"'almeria',",1
"'maguire',",1
"['albond',",1
"['jimmaxcricket',",1
"['remember',",1
'bolshoiballet'],1
"'cracker',",1
"['interesting',",1
"['lyon',",1
"'bingtao',",1
"['tutey',",1
"'aggrieved',",1
"'ranking',",1
'uk'],1
"'sportspaulh',",1
"['drsnuggles',",1
"['following',",1
'richar'],1
"'complain',",1
"'bubble',",1
'rich'],1
'speed'],1
'ring'],1
"['heres',",1
'period'],1
"['astonishing',",1
"'theatre',",1
"['franmberry',",1
"'kkriders',",1
"['biden',",1
"'plough',",1
"['coral',",1
"['steve',",1
'dhoni'],1
'kiiiiiiid'],1
"['shot',",1
"'deliveries',",1
"'tumble',",1
"'riley',",1
"'ii',",1
"'sight',",1
'pitch'],1
"'prosper',",1
'pain'],1
"'bottle',",1
"'sun',",1
"'rabble',",1
"'marley',",1
"'dannyspeck',",1
'bencoleygolf'],1
'austra'],1
"'replay',",1
'aw'],1
'malan'],1
"['edwardstips',",1
"['suffice',",1
'sha'],1
'wear'],1
['jimmy'],1
"'esteem',",1
'thur'],1
'let'],1
"'incredibly',",1
"'newborn',",1
'handle'],1
"'charge',",1
'masterssnooker'],1
"'kid',",1
'glad'],1
"['flat',",1
'saver'],1
"'lincoln',",1
"'rahane',",1
"'sharma',",1
"'sudden',",1
"'celebrate',",1
"['sussex',",1
'cracker'],1
"'breakaway',",1
"'csk',",1
'difference'],1
"'politely',",1
"'juddt',",1
"'blocker',",1
"'qf',",1
"'scumbag',",1
'accolade'],1
"'lunch',",1
'ef'],1
"'irad',",1
"'share',",1
'vargas'],1
"'traffic',",1
"'meantime',",1
"['tommo',",1
"'recovery',",1
"'shave',",1
'brown'],1
"['haylerphil',",1
"'cheeky',",1
"'silverwoods',",1
'includ'],1
"'veterans',",1
"'youngster',",1
"'secret',",1
"'ponting',",1
"['stuart',",1
'sta'],1
'guide'],1
"'avoidance',",1
"'alright',",1
"['tom',",1
'sorry'],1
"'meredith',",1
"'fur',",1
"'johnwright',",1
"'bc',",1
"'dedicate',",1
"['ausvind',",1
'stuff'],1
"'extend',",1
'chenn'],1
"'success',",1
"['buzz',",1
"'weighing',",1
"'golfer',",1
['lovely'],1
"['sundar',",1
"'abomination',",1
'fat'],1
"['table',",1
'average'],1
"'here',",1
'dreadfu'],1
'wise'],1
"'vaccinate',",1
"'carlton',",1
"'joerindl',",1
"'archie',",1
"['ed',",1
'brockleb'],1
'bother'],1
"'essentially',",1
"'visitor',",1
'meehan'],1
"'fast',",1
'shoe'],1
"'method',",1
"'justifiably',",1
'runner'],1
"'margaret',",1
"'voter',",1
'henderson'],1
"'criticse',",1
'open'],1
"'happily',",1
"'dunno',",1
'prediction'],1
"'connection',",1
'mann'],1
"['q',",1
"'webbo',",1
'drink'],1
"'reminiscent',",1
"'peep',",1
"['herculean',",1
"'hollie',",1
'duck'],1
"'ger',",1
"'funnily',",1
'cr'],1
"'peaceful',",1
"['monumental',",1
'fast'],1
"'uneducated',",1
"'fifth',",1
"'sheema',",1
'question'],1
"'cycling',",1
"'tick',",1
"'length',",1
'rcbvsmi'],1
"'latimer',",1
"'rollercoaster',",1
"'golden',",1
"'strict',",1
'guy'],1
"'blame',",1
"'carey',",1
"['harsh',",1
"'annoyingly',",1
"'chinese',",1
"['doubt',",1
'wa'],1
"'paper',",1
"'experience',",1
"'overload',",1
"['age',",1
'dead'],1
"'grannys',",1
"'enquiry',",1
"['go',",1
"'milkman',",1
'pace'],1
"'crossfire',",1
"['let',",1
"'halt',",1
"'lynn',",1
"['quick',",1
"['bar',",1
"['trump',",1
"'gifted',",1
"['plenty',",1
'pub'],1
"['hatredofposting',",1
"'business',",1
"'mount',",1
'chow'],1
'feature'],1
"'knock',",1
"'coat',",1
"'wool',",1
"'drain',",1
'gerrrrrrrrrrr'],1
"['fan',",1
"'glare',",1
"'desk',",1
"'person',",1
'davesmith'],1
'golf'],1
"'stomach',",1
"'nervous',",1
"['story',",1
"'arrival',",1
"['ibrahim',",1
"'deviation',",1
"'mole',",1
"'tackle',",1
"'h',",1
"'binocular',",1
"['jon',",1
"'lush',",1
"'gaikwad',",1
'clock'],1
'bag'],1
"'scottish',",1
"['colin',",1
"'crucial',",1
"['fwildecricket',",1
'pilot'],1
"'grey',",1
"'rumour',",1
"'padded',",1
"['ashwin',",1
"'goodwoodraces',",1
'beast'],1
"'esque',",1
'ridiculous'],1
'crash'],1
"['marknob',",1
"['uk',",1
"'lend',",1
"'sour',",1
"'jumper',",1
"'oddschecker',",1
'tipping'],1
"'worrying',",1
'sink'],1
"['rob',",1
'le'],1
"['gooleymalc',",1
"'grave',",1
'bowlin'],1
"'aware',",1
'bairstow'],1
'ruffle'],1
"'closed',",1
'kevinmurphy'],1
'enjoy'],1
"'wayne',",1
"'lower',",1
'remember'],1
"['seven',",1
'indvseng'],1
"'keegan',",1
"'keeneland',",1
"'reds',",1
"'fancinsting',",1
"'partnership',",1
'ausavind'],1
'presumably'],1
"'plot',",1
"'quid',",1
"'splendid',",1
'brilliant'],1
"'ping',",1
"'notepad',",1
'anywa'],1
"'deny',",1
'give'],1
"'toe',",1
"'ollys',",1
"'highly',",1
"['fantastic',",1
"'suddenly',",1
'nugget'],1
'ab'],1
"'galileo',",1
"'stamina',",1
['darkagefootball'],1
"'ather',",1
"['light',",1
"['jasonblewitt',",1
"['aidan',",1
['tomc'],1
"['number',",1
"'duty',",1
"'cooking',",1
'behaviour'],1
"'coach',",1
'clinic'],1
'shoulder'],1
"'afghanistan',",1
"'accompany',",1
'reason'],1
"'plug',",1
"'fortunate',",1
"['awkward',",1
'tears'],1
"'bumper',",1
"'laterally',",1
"'ascot',",1
"'successful',",1
"'training',",1
"'warne',",1
"'tribute',",1
"'carter',",1
"'cat',",1
'touch'],1
"'lounge',",1
"'knack',",1
"['vintage',",1
"'speedy',",1
'father'],1
"'potent',",1
"'radar',",1
"'international',",1
"'patcummins',",1
"'insider',",1
'consumpti'],1
"'wall',",1
"'worker',",1
"'alive',",1
"'ashton',",1
['kevinmurphy'],1
'abo'],1
'biden'],1
"['say',",1
"'curry',",1
"'negative',",1
"'willing',",1
"['james',",1
"['realise',",1
"'tax',",1
"['tjwilkin',",1
'nation'],1
"'richard',",1
'opening'],1
"'ref',",1
"'jimbo',",1
'pakistan'],1
'different'],1
"'bye',",1
"'lengthy',",1
'finally'],1
"'bd',",1
"'copper',",1
"'rm',",1
"'dessert',",1
"'enjoyment',",1
"'waste',",1
"'police',",1
'mildly'],1
"'superb',",1
'deny'],1
'acr'],1
"'greedy',",1
"'morgan',",1
'bottle'],1
"'econ',",1
"'edition',",1
"['tdthurgood',",1
"'lift',",1
"['skybetdale',",1
'heres'],1
'ho'],1
"['weather',",1
"'miserably',",1
['incredible'],1
"'plse',",1
"'ultraedgetips',",1
'ashe'],1
"'impressive',",1
"'runscorer',",1
"'lick',",1
'flat'],1
'vodcast'],1
"'weatherald',",1
"'net',",1
'head'],1
"'seam',",1
"'saudi',",1
"['change',",1
"'gang',",1
"'arse',",1
"'suit',",1
"'lingfieldpark',",1
"['garybri',",1
'bolling'],1
"['enjoyable',",1
"['pakistans',",1
'adam'],1
"'fto',",1
"'string',",1
"'style',",1
"'suspect',",1
"'mother',",1
"'sportinglifefc',",1
"'lyons',",1
"'sweat',",1
"['corneliusracing',",1
"'generate',",1
'turn'],1
"'goalkeeper',",1
'early'],1
"'germany',",1
"'nickfriend',",1
"'ground',",1
"'ex',",1
"'epsom',",1
"'boundary',",1
"['delay',",1
"'rascal',",1
"'aggressive',",1
"['maxpimlott',",1
'yeste'],1
"'reach',",1
"['roryjiwani',",1
"'kinnear',",1
"'dickys',",1
"'jo',",1
'idiot'],1
'royalascot'],1
"'lost',",1
"['kenbewdymate',",1
'thin'],1
"'mcdonald',",1
"['maxwell',",1
"'nabi',",1
"'voges',",1
"'rotation',",1
'wrong'],1
"'liken',",1
'bookie'],1
"'powder',",1
"'aussie',",1
"'deliver',",1
"['live',",1
"'stradivarius',",1
'ba'],1
'dom'],1
'slow'],1
"['rommyctowland',",1
'fire'],1
'heartbreaking'],1
"'foakes',",1
"'chamberlin',",1
"'carnival',",1
'eng'],1
"'rival',",1
"'instead',",1
"'humble',",1
"['sad',",1
"'tarnawa',",1
'mercury'],1
"'selfishness',",1
"'dependent',",1
"'fella',",1
"'gummy',",1
"'optimism',",1
'pony'],1
'assistance'],1
"'impact',",1
"'australian',",1
'porn'],1
"'surveys',",1
'rubbish'],1
"'camp',",1
'particula'],1
"'red',",1
"'measure',",1
'ideal'],1
"'fridays',",1
'finalist'],1
"['later',",1
"'yorksambulance',",1
"'bowls',",1
"'statement',",1
"'town',",1
'afte'],1
"'kock',",1
'thinking'],1
"'pray',",1
'garden'],1
'project'],1
"'tim',",1
'ukchampionship'],1
"'presentation',",1
"'penalties',",1
"'chrisoliver',",1
"'rajasthan',",1
"['nigelfarage',",1
"'hairy',",1
"['hear',",1
"['true',",1
'favourite'],1
"'cockneys',",1
"['sam',",1
"'harsh',",1
"'doubtfires',",1
"'clarkson',",1
'momentum'],1
'dealornodeal'],1
'sign'],1
"'german',",1
"'blabber',",1
"'sickener',",1
"'silk',",1
'wing'],1
"['thorpeeco',",1
"'shop',",1
"'keen',",1
"'personal',",1
"'downingstreet',",1
"'arthur',",1
"'jester',",1
"'thursday',",1
"'pointless',",1
'abou'],1
"'catterick',",1
'pu'],1
'mjlh'],1
"'dubai',",1
'maccy'],1
"'dale',",1
'back'],1
'king'],1
"'suffer',",1
"'newcastleraces',",1
"'cap',",1
"'cmon',",1
"'severe',",1
"'eat',",1
'backwards'],1
'amazing'],1
"'engerland',",1
'newton'],1
"'ripple',",1
"'mcmanus',",1
"'sitter',",1
"['frankels',",1
"['bbchelena',",1
"'belmont',",1
"'warrior',",1
'aftershave'],1
'close'],1
'befo'],1
"'r',",1
"['gun',",1
"'girls',",1
"['evidence',",1
"['beep',",1
'farageeeeee'],1
"'valueracingplus',",1
"'chennaiipl',",1
'enj'],1
'global'],1
"['joeashdownsport',",1
"['mwilk',",1
"'aw',",1
"'coffin',",1
'jungle'],1
"'jumping',",1
"'penalty',",1
"['test',",1
"'drsnuggles',",1
'brilli'],1
"['round',",1
"'charity',",1
"'truly',",1
"'bookie',",1
"'batsmen',",1
"'bruce',",1
"'briefest',",1
"'lion',",1
"['international',",1
"'debate',",1
'badger'],1
"'langstaff',",1
"'push',",1
"'gym',",1
'absolutely'],1
'ask'],1
'backbone'],1
'engvsaus'],1
"'engrossing',",1
"'morris',",1
"'replace',",1
"'diabolical',",1
"['mattfrei',",1
'opp'],1
"'wenbo',",1
"['understand',",1
"'dodgy',",1
'wonder'],1
"['ultraedgetip',",1
'scared'],1
"['tree',",1
'book'],1
"'prix',",1
"'ounce',",1
"'geek',",1
"'shoulder',",1
"'kkr',",1
"'borrow',",1
"'hate',",1
'mean'],1
"'mccullum',",1
"'unrelated',",1
"'hawk',",1
"'threaten',",1
"'pull',",1
"'copout',",1
"'kingmans',",1
"'shrink',",1
"'escape',",1
"'copping',",1
"['hendrys',",1
'wednesday'],1
"'indvend',",1
"'safety',",1
'spoty'],1
"'ty',",1
"'dart',",1
'pushin'],1
"'fallon',",1
"'prospect',",1
"'mistake',",1
'jump'],1
"'lovers',",1
"'dye',",1
"'guess',",1
"'diabetes',",1
"'royalascot',",1
"'pool',",1
"'hills',",1
"'hampshire',",1
"['beeb',",1
"'formulaic',",1
'fee'],1
'news'],1
"'cliff',",1
"'trumpet',",1
'galileo'],1
'tindall'],1
'podder'],1
'spieth'],1
"['cricketsewerby',",1
"'leedshospitals',",1
'aga'],1
'wolfie'],1
'ri'],1
"'afternoon',",1
'pundit'],1
"'gift',",1
"'hotte',",1
"'spargo',",1
"'eurosportuk',",1
"'exactly',",1
'sound'],1
"'congrats',",1
"['cricketali',",1
"['ollie',",1
"'mcyeeehaaa',",1
"'pal',",1
"'bank',",1
"'phil',",1
"'ruin',",1
"'ropey',",1
"'serve',",1
['jamiepierce'],1
"['add',",1
'roo'],1
"['monster',",1
"'sterling',",1
'ey'],1
"'eccles',",1
'mesmerising'],1
'oversplease'],1
"'broken',",1
"['themiddlestump',",1
"'medical',",1
'goal'],1
"'journos',",1
'ot'],1
"'declare',",1
'shout'],1
"'amiss',",1
'league'],1
"'adam',",1
"['jonbranson',",1
"'lanigan',",1
"'worry',",1
"['south',",1
"'vinny',",1
'pull'],1
"['lovely',",1
"'dear',",1
'factor'],1
"'captains',",1
"['credit',",1
"['yorkies',",1
"'publish',",1
"'betttor',",1
"'slip',",1
"'scene',",1
"'unofficial',",1
"['stay',",1
"'divorce',",1
"'utd',",1
"'tactic',",1
"'yasir',",1
"'pkvcsk',",1
'eat'],1
"'pussycat',",1
'ahead'],1
"'yourcall',",1
"'afford',",1
'cummins'],1
'control'],1
"'anchor',",1
"'driffieldtowncc',",1
"'skip',",1
"['stunning',",1
"'cancel',",1
"'witty',",1
'stall'],1
"'smile',",1
"'warm',",1
"['way',",1
"'making',",1
"'jonmullin',",1
'skilful'],1
'cross'],1
"['immediately',",1
'stake'],1
"'chalk',",1
'pudding'],1
"['manan',",1
"['higgins',",1
"'cropping',",1
"'extra',",1
"'digging',",1
"'inform',",1
'excell'],1
"'sur',",1
"'propert',",1
"'commentary',",1
'sea'],1
"['look',",1
"'mr',",1
'accepti'],1
'hovland'],1
'old'],1
'flyin'],1
"'reminder',",1
'suffice'],1
"'settle',",1
"'parody',",1
'puzzle'],1
"['australian',",1
'gam'],1
"'tune',",1
'concur'],1
"'seeds',",1
"'curl',",1
"'laugh',",1
'follow'],1
"['spot',",1
"['harlancoben',",1
"['currently',",1
'run'],1
"'incite',",1
"'burnley',",1
"'refuse',",1
"'trust',",1
"'pop',",1
'judo'],1
"'father',",1
'suspect'],1
"'patel',",1
"'deadline',",1
"'spit',",1
"'holder',",1
"'cloudy',",1
'chariti'],1
'park'],1
'differe'],1
'prick'],1
"['give',",1
"'drift',",1
'bar'],1
"['bbcnews',",1
'competition'],1
'later'],1
"'publicly',",1
"'memorie',",1
'try'],1
"'ronnieo',",1
"'whilst',",1
"'deserved',",1
"['magic',",1
"'eu',",1
"'regularly',",1
"'chapple',",1
"'jeremy',",1
"'countless',",1
"'delete',",1
'warn'],1
"'chuff',",1
"'thoughts',",1
'razor'],1
'e'],1
"'stalin',",1
"'sdavis',",1
'chippendale'],1
"'denman',",1
"['utter',",1
